,Accuracy,Precision,Recall,F1-Score,AUC
Logistic Regression,0.8524590163934426,0.8275862068965517,0.8571428571428571,0.8421052631578947,0.948051948051948
Decision Tree,0.7868852459016393,0.7419354838709677,0.8214285714285714,0.7796610169491526,0.7895021645021645
Random Forest,0.8852459016393442,0.8888888888888888,0.8571428571428571,0.8727272727272727,0.9383116883116883
Support Vector Machine,0.8852459016393442,0.8620689655172413,0.8928571428571429,0.8771929824561403,0.9621212121212122
